time,speed,steering_angle,direction,ir_val,distance_ahead
0.07,40,67.5,1,"[0, 1, 0, 0, 0]",-2
0.14,40,67.5,1,"[0, 1, 0, 0, 0]",-4
0.16,40,67.5,1,"[0, 1, 0, 0, 0]",-4
0.19,40,67.5,1,"[0, 1, 0, 0, 0]",211
0.26,40,67.5,1,"[0, 1, 0, 0, 0]",-2
0.39,40,90,1,"[0, 0, 1, 0, 0]",-2
0.52,40,112.5,1,"[0, 0, 0, 1, 0]",-2
0.59,40,112.5,1,"[0, 0, 0, 1, 0]",-2
0.62,40,112.5,1,"[0, 0, 0, 1, 0]",198
0.65,40,112.5,1,"[0, 0, 0, 1, 0]",196
0.69,40,112.5,1,"[0, 0, 0, 1, 0]",210
0.72,40,112.5,1,"[0, 0, 0, 1, 0]",197
0.75,40,112.5,1,"[0, 0, 0, 1, 0]",192
0.77,40,112.5,1,"[0, 0, 0, 1, 0]",136
0.8,40,112.5,1,"[0, 0, 0, 1, 0]",193
0.93,40,90,1,"[0, 0, 1, 0, 0]",195
0.96,40,90,1,"[0, 0, 1, 0, 0]",182
0.99,40,90,1,"[0, 0, 1, 0, 0]",190
1.02,40,90,1,"[0, 0, 1, 0, 0]",189
1.06,40,90,1,"[0, 0, 1, 0, 0]",201
1.09,40,90,1,"[0, 0, 1, 0, 0]",180
1.12,40,90,1,"[0, 0, 1, 0, 0]",185
1.16,40,90,1,"[0, 0, 1, 0, 0]",-4
1.19,40,90,1,"[0, 0, 1, 0, 0]",-4
1.23,40,90,1,"[0, 0, 1, 0, 0]",183
1.26,40,90,1,"[0, 0, 1, 0, 0]",176
1.3,40,90,1,"[0, 0, 1, 0, 0]",174
1.48,40,67.5,1,"[0, 1, 0, 0, 0]",171
1.51,40,67.5,1,"[0, 1, 0, 0, 0]",180
1.53,40,67.5,1,"[0, 1, 0, 0, 0]",179
1.56,40,67.5,1,"[0, 1, 0, 0, 0]",169
1.59,40,67.5,1,"[0, 1, 0, 0, 0]",181
1.62,40,90,1,"[0, 0, 1, 0, 0]",174
1.65,40,90,1,"[0, 0, 1, 0, 0]",168
1.68,40,90,1,"[0, 0, 1, 0, 0]",170
1.71,40,90,1,"[0, 0, 1, 0, 0]",169
1.74,40,90,1,"[0, 0, 1, 0, 0]",168
1.77,40,90,1,"[0, 0, 1, 0, 0]",166
1.79,40,90,1,"[0, 0, 1, 0, 0]",167
1.82,40,90,1,"[0, 0, 1, 0, 0]",177
1.85,40,90,1,"[0, 0, 1, 0, 0]",164
1.88,40,90,1,"[0, 0, 1, 0, 0]",163
1.91,40,90,1,"[0, 0, 1, 0, 0]",171
1.94,40,90,1,"[0, 0, 1, 0, 0]",161
1.97,40,90,1,"[0, 0, 1, 0, 0]",173
1.99,40,90,1,"[0, 0, 1, 0, 0]",163
2.02,40,90,1,"[0, 0, 1, 0, 0]",161
2.05,40,90,1,"[0, 0, 1, 0, 0]",161
2.08,40,90,1,"[0, 0, 1, 0, 0]",172
2.11,40,90,1,"[0, 0, 1, 0, 0]",160
2.14,40,90,1,"[0, 0, 1, 0, 0]",173
2.17,40,90,1,"[0, 0, 1, 0, 0]",156
2.2,40,90,1,"[0, 0, 1, 0, 0]",157
2.24,40,90,1,"[0, 0, 1, 0, 0]",158
2.27,40,90,1,"[0, 0, 1, 0, 0]",156
2.3,40,90,1,"[0, 0, 1, 0, 0]",-4
2.34,40,90,1,"[0, 0, 1, 0, 0]",-4
2.37,40,90,1,"[0, 0, 1, 0, 0]",152
2.4,40,90,1,"[0, 0, 1, 0, 0]",153
2.44,40,90,1,"[0, 0, 1, 0, 0]",153
2.47,40,90,1,"[0, 0, 1, 0, 0]",154
2.51,40,90,1,"[0, 0, 1, 0, 0]",152
2.54,40,90,1,"[0, 0, 1, 0, 0]",96
2.57,40,90,1,"[0, 0, 1, 0, 0]",95
2.6,40,90,1,"[0, 0, 1, 0, 0]",148
2.63,40,90,1,"[0, 0, 1, 0, 0]",148
2.67,40,90,1,"[0, 0, 1, 0, 0]",165
2.7,40,90,1,"[0, 0, 1, 0, 0]",147
2.73,40,90,1,"[0, 0, 1, 0, 0]",159
2.77,40,90,1,"[0, 0, 1, 0, 0]",146
2.8,40,90,1,"[0, 0, 1, 0, 0]",94
2.91,40,67.5,1,"[0, 1, 0, 0, 0]",143
2.95,40,67.5,1,"[0, 1, 0, 0, 0]",143
2.98,40,67.5,1,"[0, 1, 0, 0, 0]",141
3.01,40,67.5,1,"[0, 1, 0, 0, 0]",140
3.04,40,67.5,1,"[0, 1, 0, 0, 0]",140
3.07,40,90,1,"[0, 0, 1, 0, 0]",151
3.1,40,90,1,"[0, 0, 1, 0, 0]",138
3.13,40,90,1,"[0, 0, 1, 0, 0]",139
3.16,40,90,1,"[0, 0, 1, 0, 0]",83
3.19,40,90,1,"[0, 0, 1, 0, 0]",140
3.23,40,90,1,"[0, 0, 1, 0, 0]",138
3.26,40,90,1,"[0, 0, 1, 0, 0]",138
3.29,40,90,1,"[0, 0, 1, 0, 0]",136
3.32,40,90,1,"[0, 0, 1, 0, 0]",137
3.36,40,90,1,"[0, 0, 1, 0, 0]",133
3.39,40,90,1,"[0, 0, 1, 0, 0]",133
3.42,40,90,1,"[0, 0, 1, 0, 0]",133
3.45,40,90,1,"[0, 0, 1, 0, 0]",135
3.48,40,90,1,"[0, 0, 1, 0, 0]",131
3.52,40,90,1,"[0, 0, 1, 0, 0]",132
3.55,40,90,1,"[0, 0, 1, 0, 0]",142
3.58,40,90,1,"[0, 0, 1, 0, 0]",142
3.62,40,90,1,"[0, 0, 1, 0, 0]",131
3.65,40,90,1,"[0, 0, 1, 0, 0]",130
3.68,40,90,1,"[0, 0, 1, 0, 0]",129
3.71,40,90,1,"[0, 0, 1, 0, 0]",128
3.74,40,90,1,"[0, 0, 1, 0, 0]",128
3.77,40,90,1,"[0, 0, 1, 0, 0]",130
3.81,40,67.5,1,"[0, 1, 0, 0, 0]",126
3.84,40,67.5,1,"[0, 1, 0, 0, 0]",125
3.87,40,67.5,1,"[0, 1, 0, 0, 0]",124
3.9,40,90,1,"[0, 0, 1, 0, 0]",125
3.93,40,90,1,"[0, 0, 1, 0, 0]",126
3.96,40,112.5,1,"[0, 0, 0, 1, 0]",134
4.0,40,112.5,1,"[0, 0, 0, 1, 1]",123
4.03,35,50,-1,"[0, 0, 0, 0, 1]",120
4.04,35,50,-1,"[0, 0, 0, 0, 0]",120
4.06,35,50,-1,"[0, 0, 0, 0, 0]",120
4.07,35,50,-1,"[0, 0, 0, 0, 0]",120
4.08,35,50,-1,"[0, 0, 0, 0, 0]",120
4.1,35,50,-1,"[0, 0, 0, 0, 0]",120
4.11,35,50,-1,"[0, 0, 0, 0, 0]",120
4.13,35,50,-1,"[0, 0, 0, 0, 0]",120
4.14,35,50,-1,"[0, 0, 0, 0, 0]",120
4.16,35,50,-1,"[0, 0, 0, 0, 0]",120
4.18,35,50,-1,"[0, 0, 0, 0, 0]",120
4.2,35,50,-1,"[0, 0, 0, 0, 0]",120
4.22,35,50,-1,"[0, 0, 0, 0, 0]",120
4.23,35,50,-1,"[0, 0, 0, 0, 0]",120
4.25,35,50,-1,"[0, 0, 0, 0, 0]",120
4.27,35,50,-1,"[0, 0, 0, 0, 1]",120
4.28,35,50,-1,"[0, 0, 0, 0, 1]",120
4.3,35,50,-1,"[0, 0, 0, 0, 1]",120
4.32,35,50,-1,"[0, 0, 0, 1, 1]",120
4.33,35,50,-1,"[0, 0, 0, 1, 1]",120
4.35,35,50,-1,"[0, 0, 0, 1, 1]",120
4.36,35,50,-1,"[0, 0, 0, 1, 0]",120
4.38,35,50,-1,"[0, 0, 0, 1, 0]",120
4.39,35,50,-1,"[0, 0, 1, 1, 0]",120
4.4,35,120,1,"[0, 0, 1, 1, 0]",120
4.79,40,90,1,"[0, 0, 1, 0, 0]",118
4.83,40,90,1,"[0, 0, 1, 1, 0]",116
4.87,40,112.5,1,"[0, 0, 0, 1, 0]",118
4.9,40,112.5,1,"[0, 0, 0, 1, 0]",116
4.93,40,112.5,1,"[0, 0, 0, 1, 1]",116
4.96,35,50,-1,"[0, 0, 0, 0, 1]",115
4.97,35,50,-1,"[0, 0, 0, 0, 1]",115
4.99,35,50,-1,"[0, 0, 0, 0, 1]",115
5.0,35,50,-1,"[0, 0, 0, 0, 1]",115
5.02,35,50,-1,"[0, 0, 0, 0, 1]",115
5.03,35,50,-1,"[0, 0, 0, 0, 1]",115
5.04,35,50,-1,"[0, 0, 0, 0, 1]",115
5.06,35,50,-1,"[0, 0, 0, 0, 1]",115
5.07,35,50,-1,"[0, 0, 0, 0, 1]",115
5.09,35,50,-1,"[0, 0, 0, 0, 1]",115
5.1,35,50,-1,"[0, 0, 0, 0, 1]",115
5.12,35,50,-1,"[0, 0, 0, 0, 1]",115
5.14,35,50,-1,"[0, 0, 0, 0, 1]",115
5.15,35,50,-1,"[0, 0, 0, 0, 1]",115
5.17,35,50,-1,"[0, 0, 0, 0, 1]",115
5.18,35,50,-1,"[0, 0, 0, 1, 1]",115
5.2,35,50,-1,"[0, 0, 0, 1, 1]",115
5.21,35,50,-1,"[0, 0, 0, 1, 0]",115
5.23,35,50,-1,"[0, 0, 0, 1, 0]",115
5.24,35,50,-1,"[0, 0, 0, 1, 0]",115
5.26,35,50,-1,"[0, 0, 1, 1, 0]",115
5.27,35,120,1,"[0, 0, 1, 1, 0]",115
5.65,40,90,1,"[0, 0, 1, 0, 0]",112
5.7,40,112.5,1,"[0, 0, 0, 1, 0]",112
5.73,40,112.5,1,"[0, 0, 0, 1, 0]",113
5.76,40,112.5,1,"[0, 0, 0, 1, 0]",112
5.79,40,112.5,1,"[0, 0, 0, 1, 0]",111
5.82,40,112.5,1,"[0, 0, 0, 1, 0]",112
5.85,40,112.5,1,"[0, 0, 0, 1, 0]",111
5.88,40,112.5,1,"[0, 0, 0, 1, 0]",109
5.91,35,50,-1,"[0, 0, 0, 0, 1]",109
5.92,35,50,-1,"[0, 0, 0, 0, 1]",109
5.94,35,50,-1,"[0, 0, 0, 0, 1]",109
5.95,35,50,-1,"[0, 0, 0, 0, 1]",109
5.96,35,50,-1,"[0, 0, 0, 0, 1]",109
5.98,35,50,-1,"[0, 0, 0, 0, 1]",109
5.99,35,50,-1,"[0, 0, 0, 0, 1]",109
6.0,35,50,-1,"[0, 0, 0, 0, 1]",109
6.01,35,50,-1,"[0, 0, 0, 0, 1]",109
6.03,35,50,-1,"[0, 0, 0, 0, 1]",109
6.04,35,50,-1,"[0, 0, 0, 0, 1]",109
6.05,35,50,-1,"[0, 0, 0, 0, 1]",109
6.07,35,50,-1,"[0, 0, 0, 0, 1]",109
6.08,35,50,-1,"[0, 0, 0, 0, 1]",109
6.09,35,50,-1,"[0, 0, 0, 1, 1]",109
6.1,35,50,-1,"[0, 0, 0, 1, 1]",109
6.1,35,50,-1,"[0, 0, 0, 1, 0]",109
6.11,35,50,-1,"[0, 0, 0, 1, 0]",109
6.12,35,50,-1,"[0, 0, 0, 1, 0]",109
6.13,35,50,-1,"[0, 0, 0, 1, 0]",109
6.14,35,50,-1,"[0, 0, 0, 1, 0]",109
6.15,35,50,-1,"[0, 0, 0, 1, 0]",109
6.16,35,50,-1,"[0, 0, 0, 1, 0]",109
6.17,35,50,-1,"[0, 0, 0, 1, 0]",109
6.17,35,50,-1,"[0, 0, 0, 0, 0]",109
6.18,35,50,-1,"[0, 0, 1, 0, 0]",109
6.19,35,120,1,"[0, 0, 1, 0, 0]",109
6.56,40,90,1,"[0, 0, 1, 0, 0]",107
6.59,40,90,1,"[0, 0, 1, 0, 0]",107
6.62,40,90,1,"[0, 0, 1, 0, 0]",106
6.64,40,90,1,"[0, 0, 1, 0, 0]",107
6.67,40,90,1,"[0, 0, 1, 0, 0]",106
6.69,40,90,1,"[0, 0, 1, 0, 0]",107
6.77,40,112.5,1,"[0, 0, 0, 1, 0]",106
6.8,40,112.5,1,"[0, 0, 0, 1, 0]",105
6.83,40,112.5,1,"[0, 0, 0, 1, 0]",103
6.86,40,112.5,1,"[0, 0, 0, 1, 1]",104
6.89,40,112.5,1,"[0, 0, 0, 1, 1]",102
6.93,35,50,-1,"[0, 0, 0, 0, 1]",102
6.94,35,50,-1,"[0, 0, 0, 0, 1]",102
6.95,35,50,-1,"[0, 0, 0, 0, 1]",102
6.97,35,50,-1,"[0, 0, 0, 0, 1]",102
6.98,35,50,-1,"[0, 0, 0, 0, 1]",102
6.99,35,50,-1,"[0, 0, 0, 0, 0]",102
7.0,35,50,-1,"[0, 0, 0, 0, 0]",102
7.01,35,50,-1,"[0, 0, 0, 0, 0]",102
7.02,35,50,-1,"[0, 0, 0, 0, 0]",102
7.03,35,50,-1,"[0, 0, 0, 0, 0]",102
7.03,35,50,-1,"[0, 0, 0, 0, 0]",102
7.04,35,50,-1,"[0, 0, 0, 0, 0]",102
7.05,35,50,-1,"[0, 0, 0, 0, 1]",102
7.06,35,50,-1,"[0, 0, 0, 0, 1]",102
7.07,35,50,-1,"[0, 0, 0, 0, 1]",102
7.08,35,50,-1,"[0, 0, 0, 0, 1]",102
7.08,35,50,-1,"[0, 0, 0, 0, 1]",102
7.09,35,50,-1,"[0, 0, 0, 0, 1]",102
7.1,35,50,-1,"[0, 0, 0, 0, 1]",102
7.11,35,50,-1,"[0, 0, 0, 0, 1]",102
7.12,35,50,-1,"[0, 0, 0, 0, 1]",102
7.13,35,50,-1,"[0, 0, 0, 1, 1]",102
7.14,35,50,-1,"[0, 0, 0, 1, 1]",102
7.15,35,50,-1,"[0, 0, 0, 1, 1]",102
7.15,35,50,-1,"[0, 0, 0, 1, 1]",102
7.16,35,50,-1,"[0, 0, 0, 1, 1]",102
7.17,35,50,-1,"[0, 0, 0, 1, 0]",102
7.18,35,50,-1,"[0, 0, 0, 1, 0]",102
7.19,35,50,-1,"[0, 0, 0, 1, 0]",102
7.2,35,50,-1,"[0, 0, 0, 1, 0]",102
7.21,35,50,-1,"[0, 0, 1, 1, 0]",102
7.21,35,120,1,"[0, 0, 1, 1, 0]",102
7.59,40,112.5,1,"[0, 0, 0, 1, 0]",103
7.61,40,112.5,1,"[0, 0, 0, 1, 0]",-4
7.64,40,112.5,1,"[0, 0, 0, 1, 0]",-4
7.67,40,112.5,1,"[0, 0, 0, 1, 0]",103
7.7,40,112.5,1,"[0, 0, 0, 1, 0]",100
7.73,40,112.5,1,"[0, 0, 0, 1, 0]",100
7.76,40,112.5,1,"[0, 0, 0, 1, 0]",99
7.8,40,112.5,1,"[0, 0, 0, 1, 0]",99
7.82,40,112.5,1,"[0, 0, 0, 1, 1]",100
7.85,35,50,-1,"[0, 0, 0, 0, 1]",98
7.87,35,50,-1,"[0, 0, 0, 0, 1]",98
7.88,35,50,-1,"[0, 0, 0, 0, 1]",98
7.89,35,50,-1,"[0, 0, 0, 0, 1]",98
7.91,35,50,-1,"[0, 0, 0, 0, 1]",98
7.92,35,50,-1,"[0, 0, 0, 0, 1]",98
7.93,35,50,-1,"[0, 0, 0, 0, 1]",98
7.94,35,50,-1,"[0, 0, 0, 0, 1]",98
7.96,35,50,-1,"[0, 0, 0, 0, 1]",98
7.97,35,50,-1,"[0, 0, 0, 0, 1]",98
7.98,35,50,-1,"[0, 0, 0, 0, 1]",98
8.0,35,50,-1,"[0, 0, 0, 0, 1]",98
8.01,35,50,-1,"[0, 0, 0, 0, 1]",98
8.02,35,50,-1,"[0, 0, 0, 0, 1]",98
8.03,35,50,-1,"[0, 0, 0, 0, 1]",98
8.05,35,50,-1,"[0, 0, 0, 1, 1]",98
8.06,35,50,-1,"[0, 0, 0, 1, 1]",98
8.07,35,50,-1,"[0, 0, 0, 1, 0]",98
8.08,35,50,-1,"[0, 0, 0, 1, 0]",98
8.1,35,50,-1,"[0, 0, 0, 1, 0]",98
8.11,35,50,-1,"[0, 0, 0, 1, 0]",98
8.12,35,50,-1,"[0, 0, 0, 1, 0]",98
8.13,35,50,-1,"[0, 0, 0, 1, 0]",98
8.15,35,50,-1,"[0, 0, 0, 1, 0]",98
8.16,35,50,-1,"[0, 0, 0, 1, 0]",98
8.17,35,50,-1,"[0, 0, 1, 0, 0]",98
8.18,35,120,1,"[0, 0, 1, 0, 0]",98
8.61,40,90,1,"[0, 0, 1, 0, 0]",-2
8.68,40,90,1,"[0, 0, 1, 0, 0]",-2
8.74,40,90,1,"[0, 0, 1, 0, 0]",-2
8.87,40,112.5,1,"[0, 0, 0, 1, 0]",-2
8.94,40,112.5,1,"[0, 0, 0, 1, 0]",-2
8.97,35,50,-1,"[0, 0, 0, 0, 1]",182
8.98,35,50,-1,"[0, 0, 0, 0, 1]",182
8.99,35,50,-1,"[0, 0, 0, 0, 1]",182
9.0,35,50,-1,"[0, 0, 0, 0, 1]",182
9.01,35,50,-1,"[0, 0, 0, 0, 1]",182
9.02,35,50,-1,"[0, 0, 0, 0, 1]",182
9.02,35,50,-1,"[0, 0, 0, 0, 1]",182
9.03,35,50,-1,"[0, 0, 0, 0, 1]",182
9.04,35,50,-1,"[0, 0, 0, 0, 1]",182
9.05,35,50,-1,"[0, 0, 0, 0, 1]",182
9.06,35,50,-1,"[0, 0, 0, 0, 1]",182
9.07,35,50,-1,"[0, 0, 0, 0, 1]",182
9.08,35,50,-1,"[0, 0, 0, 0, 1]",182
9.08,35,50,-1,"[0, 0, 0, 0, 1]",182
9.09,35,50,-1,"[0, 0, 0, 0, 1]",182
9.1,35,50,-1,"[0, 0, 0, 0, 1]",182
9.11,35,50,-1,"[0, 0, 0, 0, 1]",182
9.12,35,50,-1,"[0, 0, 0, 0, 1]",182
9.13,35,50,-1,"[0, 0, 0, 0, 1]",182
9.14,35,50,-1,"[0, 0, 0, 0, 1]",182
9.14,35,50,-1,"[0, 0, 0, 0, 1]",182
9.15,35,50,-1,"[0, 0, 0, 1, 0]",182
9.16,35,50,-1,"[0, 0, 0, 1, 0]",182
9.17,35,50,-1,"[0, 0, 0, 1, 0]",182
9.18,35,50,-1,"[0, 0, 0, 1, 0]",182
9.19,35,50,-1,"[0, 0, 0, 1, 0]",182
9.19,35,50,-1,"[0, 0, 0, 1, 0]",182
9.2,35,50,-1,"[0, 0, 0, 1, 0]",182
9.21,35,50,-1,"[0, 0, 0, 1, 0]",182
9.22,35,50,-1,"[0, 0, 0, 1, 0]",182
9.23,35,50,-1,"[0, 0, 0, 1, 0]",182
9.24,35,50,-1,"[0, 0, 0, 1, 0]",182
9.25,35,50,-1,"[0, 0, 0, 0, 0]",182
9.25,35,50,-1,"[0, 0, 0, 0, 0]",182
9.26,35,50,-1,"[0, 0, 0, 0, 0]",182
9.27,35,50,-1,"[0, 0, 1, 0, 0]",182
9.28,35,120,1,"[0, 0, 1, 0, 0]",182
9.71,40,90,1,"[0, 0, 1, 0, 0]",-2
9.78,40,90,1,"[0, 0, 1, 0, 0]",-2
9.85,40,90,1,"[0, 0, 1, 0, 0]",-2
9.92,40,90,1,"[0, 0, 1, 0, 0]",-2
9.98,40,90,1,"[0, 0, 1, 0, 0]",-4
10.05,40,90,1,"[0, 0, 1, 0, 0]",-4
10.11,40,90,1,"[0, 0, 1, 0, 0]",-2
10.18,40,90,1,"[0, 0, 1, 0, 0]",-2
10.25,40,90,1,"[0, 0, 0, 1, 0]",-4
10.46,40,112.5,1,"[0, 0, 0, 1, 0]",-4
10.53,40,112.5,1,"[0, 0, 0, 1, 0]",-2
10.6,40,112.5,1,"[0, 0, 0, 1, 1]",-2
10.67,35,50,-1,"[0, 0, 0, 0, 1]",-2
10.68,35,50,-1,"[0, 0, 0, 0, 1]",-2
10.69,35,50,-1,"[0, 0, 0, 0, 1]",-2
10.7,35,50,-1,"[0, 0, 0, 0, 0]",-2
10.71,35,50,-1,"[0, 0, 0, 0, 0]",-2
10.72,35,50,-1,"[0, 0, 0, 0, 0]",-2
10.72,35,50,-1,"[0, 0, 0, 0, 0]",-2
10.73,35,50,-1,"[0, 0, 0, 0, 0]",-2
10.74,35,50,-1,"[0, 0, 0, 0, 0]",-2
10.75,35,50,-1,"[0, 0, 0, 0, 0]",-2
10.76,35,50,-1,"[0, 0, 0, 0, 0]",-2
10.77,35,50,-1,"[0, 0, 0, 0, 0]",-2
10.78,35,50,-1,"[0, 0, 0, 0, 0]",-2
10.78,35,50,-1,"[0, 0, 0, 0, 0]",-2
10.79,35,50,-1,"[0, 0, 0, 0, 0]",-2
10.8,35,50,-1,"[0, 0, 0, 0, 0]",-2
10.81,35,50,-1,"[0, 0, 0, 0, 1]",-2
10.82,35,50,-1,"[0, 0, 0, 0, 1]",-2
10.83,35,50,-1,"[0, 0, 0, 0, 1]",-2
10.83,35,50,-1,"[0, 0, 0, 0, 1]",-2
10.84,35,50,-1,"[0, 0, 0, 0, 1]",-2
10.85,35,50,-1,"[0, 0, 0, 0, 1]",-2
10.86,35,50,-1,"[0, 0, 0, 0, 1]",-2
10.87,35,50,-1,"[0, 0, 0, 0, 1]",-2
10.88,35,50,-1,"[0, 0, 0, 0, 1]",-2
10.89,35,50,-1,"[0, 0, 0, 0, 1]",-2
10.9,35,50,-1,"[0, 0, 0, 1, 1]",-2
10.9,35,50,-1,"[0, 0, 0, 1, 1]",-2
10.91,35,50,-1,"[0, 0, 0, 1, 0]",-2
10.92,35,50,-1,"[0, 0, 0, 1, 0]",-2
10.93,35,50,-1,"[0, 0, 0, 1, 0]",-2
10.94,35,50,-1,"[0, 0, 0, 1, 0]",-2
10.95,35,50,-1,"[0, 0, 0, 1, 0]",-2
10.95,35,50,-1,"[0, 0, 0, 1, 0]",-2
10.96,35,50,-1,"[0, 0, 0, 1, 0]",-2
10.97,35,50,-1,"[0, 0, 0, 0, 0]",-2
10.98,35,50,-1,"[0, 0, 1, 0, 0]",-2
10.99,35,120,1,"[0, 0, 1, 0, 0]",-2
11.41,40,90,1,"[0, 0, 1, 0, 0]",-2
11.48,40,90,1,"[0, 0, 1, 0, 0]",-2
11.55,40,90,1,"[0, 0, 1, 0, 0]",-2
11.68,40,112.5,1,"[0, 0, 0, 1, 0]",-2
11.75,40,112.5,1,"[0, 0, 0, 1, 0]",-2
11.82,40,112.5,1,"[0, 0, 0, 1, 0]",-2
11.89,40,112.5,1,"[0, 0, 0, 1, 0]",-2
11.96,40,112.5,1,"[0, 0, 0, 1, 0]",-2
12.03,35,50,-1,"[0, 0, 0, 0, 1]",-2
12.04,35,50,-1,"[0, 0, 0, 0, 1]",-2
12.04,35,50,-1,"[0, 0, 0, 0, 1]",-2
12.05,35,50,-1,"[0, 0, 0, 0, 1]",-2
12.06,35,50,-1,"[0, 0, 0, 0, 1]",-2
12.07,35,50,-1,"[0, 0, 0, 0, 1]",-2
12.08,35,50,-1,"[0, 0, 0, 0, 1]",-2
12.09,35,50,-1,"[0, 0, 0, 0, 1]",-2
12.09,35,50,-1,"[0, 0, 0, 0, 1]",-2
12.1,35,50,-1,"[0, 0, 0, 0, 1]",-2
12.11,35,50,-1,"[0, 0, 0, 0, 1]",-2
12.12,35,50,-1,"[0, 0, 0, 0, 1]",-2
12.13,35,50,-1,"[0, 0, 0, 1, 1]",-2
12.14,35,50,-1,"[0, 0, 0, 1, 1]",-2
12.15,35,50,-1,"[0, 0, 0, 1, 1]",-2
12.15,35,50,-1,"[0, 0, 0, 1, 0]",-2
12.16,35,50,-1,"[0, 0, 0, 1, 0]",-2
12.17,35,50,-1,"[0, 0, 0, 1, 0]",-2
12.18,35,50,-1,"[0, 0, 0, 1, 0]",-2
12.19,35,50,-1,"[0, 0, 0, 1, 0]",-2
12.2,35,50,-1,"[0, 0, 0, 1, 0]",-2
12.2,35,50,-1,"[0, 0, 0, 1, 0]",-2
12.21,35,50,-1,"[0, 0, 0, 1, 0]",-2
12.22,35,50,-1,"[0, 0, 0, 1, 0]",-2
12.23,35,50,-1,"[0, 0, 0, 1, 0]",-2
12.24,35,50,-1,"[0, 0, 0, 1, 0]",-2
12.25,35,50,-1,"[0, 0, 0, 1, 0]",-2
12.25,35,50,-1,"[0, 0, 0, 1, 0]",-2
12.26,35,50,-1,"[0, 0, 0, 1, 0]",-2
12.27,35,50,-1,"[0, 0, 0, 1, 0]",-2
12.28,35,50,-1,"[0, 0, 0, 1, 0]",-2
12.29,35,50,-1,"[0, 0, 0, 1, 0]",-2
12.3,35,50,-1,"[0, 0, 0, 0, 0]",-2
12.3,35,50,-1,"[0, 0, 0, 0, 0]",-2
12.31,35,50,-1,"[0, 0, 1, 0, 0]",-2
12.32,35,120,1,"[0, 0, 1, 0, 0]",-2
12.7,40,90,1,"[0, 0, 1, 0, 0]",237
12.77,40,90,1,"[0, 0, 1, 0, 0]",-2
12.97,40,90,1,"[0, 0, 1, 0, 0]",-2
13.04,40,90,1,"[0, 0, 1, 0, 0]",-2
13.11,40,90,1,"[0, 0, 1, 0, 0]",-2
13.16,40,90,1,"[0, 0, 1, 0, 0]",587
13.19,40,90,1,"[0, 0, 1, 0, 0]",219
13.26,40,90,1,"[0, 0, 1, 0, 0]",-2
13.33,40,90,1,"[0, 0, 1, 0, 0]",-2
13.4,40,90,1,"[0, 0, 1, 0, 0]",-2
13.47,40,90,1,"[0, 0, 1, 0, 0]",-2
13.54,40,90,1,"[0, 0, 1, 1, 0]",-2
13.61,35,50,-1,"[0, 0, 0, 0, 0]",-2
13.61,35,50,-1,"[0, 0, 0, 0, 0]",-2
13.62,35,50,-1,"[0, 0, 0, 0, 0]",-2
13.63,35,50,-1,"[0, 0, 0, 0, 0]",-2
13.64,35,50,-1,"[0, 0, 0, 0, 0]",-2
13.65,35,50,-1,"[0, 0, 0, 0, 0]",-2
13.66,35,50,-1,"[0, 0, 0, 0, 0]",-2
13.67,35,50,-1,"[0, 0, 0, 0, 0]",-2
13.67,35,50,-1,"[0, 0, 0, 0, 0]",-2
13.68,35,50,-1,"[0, 0, 0, 0, 0]",-2
13.69,35,50,-1,"[0, 0, 0, 0, 0]",-2
13.7,35,50,-1,"[0, 0, 0, 0, 0]",-2
13.71,35,50,-1,"[0, 0, 0, 0, 0]",-2
13.72,35,50,-1,"[0, 0, 0, 0, 0]",-2
13.72,35,50,-1,"[0, 0, 0, 0, 0]",-2
13.73,35,50,-1,"[0, 0, 0, 0, 0]",-2
13.74,35,50,-1,"[0, 0, 0, 0, 0]",-2
13.75,35,50,-1,"[0, 0, 0, 0, 0]",-2
13.76,35,50,-1,"[0, 0, 0, 0, 0]",-2
13.77,35,50,-1,"[0, 0, 0, 0, 0]",-2
13.77,35,50,-1,"[0, 0, 0, 0, 0]",-2
13.78,35,50,-1,"[0, 0, 0, 0, 0]",-2
13.79,35,50,-1,"[0, 0, 0, 0, 0]",-2
13.8,35,50,-1,"[0, 0, 0, 0, 0]",-2
13.81,35,50,-1,"[0, 0, 0, 0, 0]",-2
13.82,35,50,-1,"[0, 0, 0, 0, 0]",-2
13.83,35,50,-1,"[0, 0, 0, 0, 0]",-2
13.84,35,50,-1,"[0, 0, 0, 0, 0]",-2
13.85,35,50,-1,"[0, 0, 0, 0, 0]",-2
13.85,35,50,-1,"[0, 0, 0, 0, 1]",-2
13.86,35,50,-1,"[0, 0, 0, 0, 1]",-2
13.87,35,50,-1,"[0, 0, 0, 0, 1]",-2
13.88,35,50,-1,"[0, 0, 0, 0, 1]",-2
13.89,35,50,-1,"[0, 0, 0, 1, 1]",-2
13.9,35,50,-1,"[0, 0, 0, 1, 1]",-2
13.91,35,50,-1,"[0, 0, 0, 1, 1]",-2
13.92,35,50,-1,"[0, 0, 0, 1, 1]",-2
13.93,35,50,-1,"[0, 0, 0, 1, 0]",-2
13.93,35,50,-1,"[0, 0, 1, 1, 0]",-2
13.94,35,120,1,"[0, 0, 1, 1, 0]",-2
14.32,40,90,1,"[0, 0, 0, 1, 1]",212
14.35,40,90,1,"[0, 0, 0, 1, 1]",211
14.39,35,50,-1,"[0, 0, 0, 0, 1]",255
14.4,35,50,-1,"[0, 0, 0, 0, 1]",255
14.42,35,50,-1,"[0, 0, 0, 0, 1]",255
14.44,35,50,-1,"[0, 0, 0, 0, 1]",255
14.46,35,50,-1,"[0, 0, 0, 0, 1]",255
14.47,35,50,-1,"[0, 0, 0, 0, 0]",255
14.49,35,50,-1,"[0, 0, 0, 0, 0]",255
14.51,35,50,-1,"[0, 0, 0, 0, 0]",255
14.52,35,50,-1,"[0, 0, 0, 0, 1]",255
14.54,35,50,-1,"[0, 0, 0, 0, 1]",255
14.55,35,50,-1,"[0, 0, 0, 0, 1]",255
14.57,35,50,-1,"[0, 0, 0, 0, 1]",255
14.59,35,50,-1,"[0, 0, 0, 0, 1]",255
14.6,35,50,-1,"[0, 0, 0, 1, 1]",255
14.62,35,50,-1,"[0, 0, 0, 1, 1]",255
14.63,35,50,-1,"[0, 0, 0, 1, 1]",255
14.65,35,50,-1,"[0, 0, 0, 1, 0]",255
14.66,35,50,-1,"[0, 0, 1, 1, 0]",255
14.68,35,120,1,"[0, 0, 1, 1, 0]",255
15.07,40,112.5,1,"[0, 0, 0, 1, 0]",246
15.12,40,112.5,1,"[0, 0, 0, 1, 0]",212
15.15,40,112.5,1,"[0, 0, 0, 1, 0]",205
15.19,40,112.5,1,"[0, 0, 0, 1, 0]",241
15.26,40,112.5,1,"[0, 0, 0, 1, 0]",-2
15.33,35,50,-1,"[0, 0, 0, 0, 1]",-2
15.34,35,50,-1,"[0, 0, 0, 0, 1]",-2
15.35,35,50,-1,"[0, 0, 0, 0, 1]",-2
15.36,35,50,-1,"[0, 0, 0, 0, 1]",-2
15.37,35,50,-1,"[0, 0, 0, 0, 1]",-2
15.38,35,50,-1,"[0, 0, 0, 0, 1]",-2
15.39,35,50,-1,"[0, 0, 0, 0, 1]",-2
15.39,35,50,-1,"[0, 0, 0, 0, 1]",-2
15.4,35,50,-1,"[0, 0, 0, 0, 1]",-2
15.41,35,50,-1,"[0, 0, 0, 0, 1]",-2
15.42,35,50,-1,"[0, 0, 0, 0, 1]",-2
15.43,35,50,-1,"[0, 0, 0, 0, 1]",-2
15.44,35,50,-1,"[0, 0, 0, 0, 1]",-2
15.44,35,50,-1,"[0, 0, 0, 0, 1]",-2
15.45,35,50,-1,"[0, 0, 0, 0, 1]",-2
15.46,35,50,-1,"[0, 0, 0, 0, 1]",-2
15.47,35,50,-1,"[0, 0, 0, 0, 1]",-2
15.48,35,50,-1,"[0, 0, 0, 0, 1]",-2
15.49,35,50,-1,"[0, 0, 0, 0, 1]",-2
15.5,35,50,-1,"[0, 0, 0, 0, 1]",-2
15.51,35,50,-1,"[0, 0, 0, 0, 1]",-2
15.51,35,50,-1,"[0, 0, 0, 1, 1]",-2
15.52,35,50,-1,"[0, 0, 0, 1, 1]",-2
15.53,35,50,-1,"[0, 0, 0, 1, 0]",-2
15.54,35,50,-1,"[0, 0, 0, 1, 0]",-2
15.55,35,50,-1,"[0, 0, 0, 1, 0]",-2
15.56,35,50,-1,"[0, 0, 0, 1, 0]",-2
15.57,35,50,-1,"[0, 0, 0, 1, 0]",-2
15.58,35,50,-1,"[0, 0, 0, 1, 0]",-2
15.59,35,50,-1,"[0, 0, 0, 1, 0]",-2
15.6,35,50,-1,"[0, 0, 0, 1, 0]",-2
15.6,35,50,-1,"[0, 0, 1, 1, 0]",-2
15.61,35,120,1,"[0, 0, 1, 1, 0]",-2
16.03,40,90,1,"[0, 0, 1, 0, 0]",-2
16.17,40,112.5,1,"[0, 0, 0, 1, 0]",-2
16.23,40,112.5,1,"[0, 0, 0, 1, 0]",-2
16.3,40,112.5,1,"[0, 0, 0, 1, 0]",-2
16.37,35,50,-1,"[0, 0, 0, 0, 1]",-2
16.38,35,50,-1,"[0, 0, 0, 0, 1]",-2
16.39,35,50,-1,"[0, 0, 0, 0, 1]",-2
16.4,35,50,-1,"[0, 0, 0, 0, 1]",-2
16.41,35,50,-1,"[0, 0, 0, 0, 1]",-2
16.42,35,50,-1,"[0, 0, 0, 0, 1]",-2
16.43,35,50,-1,"[0, 0, 0, 0, 1]",-2
16.44,35,50,-1,"[0, 0, 0, 0, 1]",-2
16.44,35,50,-1,"[0, 0, 0, 0, 1]",-2
16.45,35,50,-1,"[0, 0, 0, 0, 1]",-2
16.46,35,50,-1,"[0, 0, 0, 0, 1]",-2
16.47,35,50,-1,"[0, 0, 0, 0, 1]",-2
16.48,35,50,-1,"[0, 0, 0, 0, 1]",-2
16.49,35,50,-1,"[0, 0, 0, 0, 1]",-2
16.49,35,50,-1,"[0, 0, 0, 0, 1]",-2
16.5,35,50,-1,"[0, 0, 0, 0, 1]",-2
16.51,35,50,-1,"[0, 0, 0, 0, 1]",-2
16.52,35,50,-1,"[0, 0, 0, 0, 1]",-2
16.53,35,50,-1,"[0, 0, 0, 0, 1]",-2
16.54,35,50,-1,"[0, 0, 0, 1, 1]",-2
16.55,35,50,-1,"[0, 0, 0, 1, 0]",-2
16.56,35,50,-1,"[0, 0, 0, 1, 0]",-2
16.57,35,50,-1,"[0, 0, 0, 1, 0]",-2
16.57,35,50,-1,"[0, 0, 0, 1, 0]",-2
16.58,35,50,-1,"[0, 0, 0, 1, 0]",-2
16.59,35,50,-1,"[0, 0, 0, 1, 0]",-2
16.6,35,50,-1,"[0, 0, 0, 1, 0]",-2
16.61,35,50,-1,"[0, 0, 0, 1, 0]",-2
16.62,35,50,-1,"[0, 0, 0, 1, 0]",-2
16.63,35,50,-1,"[0, 0, 0, 1, 0]",-2
16.63,35,50,-1,"[0, 0, 0, 1, 0]",-2
16.64,35,50,-1,"[0, 0, 0, 1, 0]",-2
16.65,35,50,-1,"[0, 0, 0, 0, 0]",-2
16.66,35,50,-1,"[0, 0, 1, 0, 0]",-2
16.67,35,120,1,"[0, 0, 1, 0, 0]",-2
17.06,40,90,1,"[0, 0, 1, 0, 0]",183
17.14,40,90,1,"[0, 0, 1, 0, 0]",-2
17.21,40,90,1,"[0, 0, 1, 0, 0]",-2
17.27,40,90,1,"[0, 0, 1, 0, 0]",-2
17.4,40,112.5,1,"[0, 0, 0, 1, 0]",-2
17.47,40,112.5,1,"[0, 0, 0, 1, 0]",-2
17.54,40,112.5,1,"[0, 0, 0, 1, 0]",-2
17.57,40,112.5,1,"[0, 0, 0, 1, 0]",173
17.64,40,112.5,1,"[0, 0, 0, 1, 0]",-2
17.71,40,112.5,1,"[0, 0, 0, 1, 0]",-2
17.78,40,112.5,1,"[0, 0, 0, 1, 0]",-2
17.85,40,112.5,1,"[0, 0, 0, 1, 0]",-2
17.91,40,112.5,1,"[0, 0, 0, 1, 0]",-2
17.98,40,112.5,1,"[0, 0, 0, 1, 0]",-2
18.05,40,112.5,1,"[0, 0, 0, 1, 0]",-2
18.12,40,112.5,1,"[0, 0, 0, 1, 1]",-2
18.19,35,50,-1,"[0, 0, 0, 0, 1]",-2
18.2,35,50,-1,"[0, 0, 0, 0, 1]",-2
18.21,35,50,-1,"[0, 0, 0, 0, 0]",-2
18.21,35,50,-1,"[0, 0, 0, 0, 0]",-2
18.22,35,50,-1,"[0, 0, 0, 0, 0]",-2
18.23,35,50,-1,"[0, 0, 0, 0, 0]",-2
18.24,35,50,-1,"[0, 0, 0, 0, 0]",-2
18.25,35,50,-1,"[0, 0, 0, 0, 0]",-2
18.26,35,50,-1,"[0, 0, 0, 0, 0]",-2
18.27,35,50,-1,"[0, 0, 0, 0, 0]",-2
18.28,35,50,-1,"[0, 0, 0, 0, 0]",-2
18.28,35,50,-1,"[0, 0, 0, 0, 0]",-2
18.29,35,50,-1,"[0, 0, 0, 0, 0]",-2
18.3,35,50,-1,"[0, 0, 0, 0, 0]",-2
18.31,35,50,-1,"[0, 0, 0, 0, 1]",-2
18.32,35,50,-1,"[0, 0, 0, 0, 1]",-2
18.33,35,50,-1,"[0, 0, 0, 0, 1]",-2
18.33,35,50,-1,"[0, 0, 0, 0, 1]",-2
18.34,35,50,-1,"[0, 0, 0, 0, 1]",-2
18.35,35,50,-1,"[0, 0, 0, 0, 1]",-2
18.36,35,50,-1,"[0, 0, 0, 0, 1]",-2
18.37,35,50,-1,"[0, 0, 0, 0, 1]",-2
18.38,35,50,-1,"[0, 0, 0, 1, 1]",-2
18.39,35,50,-1,"[0, 0, 0, 1, 1]",-2
18.39,35,50,-1,"[0, 0, 0, 1, 1]",-2
18.4,35,50,-1,"[0, 0, 0, 1, 1]",-2
18.41,35,50,-1,"[0, 0, 0, 1, 0]",-2
18.42,35,50,-1,"[0, 0, 0, 1, 0]",-2
18.43,35,50,-1,"[0, 0, 0, 1, 0]",-2
18.44,35,50,-1,"[0, 0, 0, 1, 0]",-2
18.45,35,50,-1,"[0, 0, 0, 1, 0]",-2
18.45,35,50,-1,"[0, 0, 1, 1, 0]",-2
18.46,35,120,1,"[0, 0, 1, 1, 0]",-2
18.85,40,112.5,1,"[0, 0, 0, 1, 0]",160
18.88,40,112.5,1,"[0, 0, 0, 1, 0]",159
18.91,40,112.5,1,"[0, 0, 0, 1, 0]",156
18.94,40,112.5,1,"[0, 0, 0, 1, 0]",158
18.98,40,112.5,1,"[0, 0, 0, 1, 0]",158
19.01,40,112.5,1,"[0, 0, 0, 1, 0]",158
19.04,40,112.5,1,"[0, 0, 0, 1, 1]",156
19.07,40,112.5,1,"[0, 0, 0, 1, 1]",156
19.11,35,50,-1,"[0, 0, 0, 0, 1]",155
19.12,35,50,-1,"[0, 0, 0, 0, 1]",155
19.13,35,50,-1,"[0, 0, 0, 0, 1]",155
19.14,35,50,-1,"[0, 0, 0, 0, 1]",155
19.16,35,50,-1,"[0, 0, 0, 0, 1]",155
19.17,35,50,-1,"[0, 0, 0, 0, 1]",155
19.18,35,50,-1,"[0, 0, 0, 0, 1]",155
19.19,35,50,-1,"[0, 0, 0, 0, 1]",155
19.21,35,50,-1,"[0, 0, 0, 0, 1]",155
19.22,35,50,-1,"[0, 0, 0, 0, 1]",155
19.23,35,50,-1,"[0, 0, 0, 0, 1]",155
19.24,35,50,-1,"[0, 0, 0, 0, 1]",155
19.26,35,50,-1,"[0, 0, 0, 0, 1]",155
19.27,35,50,-1,"[0, 0, 0, 0, 1]",155
19.28,35,50,-1,"[0, 0, 0, 0, 1]",155
19.29,35,50,-1,"[0, 0, 0, 0, 1]",155
19.31,35,50,-1,"[0, 0, 0, 0, 1]",155
19.32,35,50,-1,"[0, 0, 0, 1, 1]",155
19.33,35,50,-1,"[0, 0, 0, 1, 0]",155
19.34,35,50,-1,"[0, 0, 0, 1, 0]",155
19.36,35,50,-1,"[0, 0, 0, 1, 0]",155
19.37,35,50,-1,"[0, 0, 0, 1, 0]",155
19.38,35,50,-1,"[0, 0, 0, 1, 0]",155
19.39,35,50,-1,"[0, 0, 0, 1, 0]",155
19.41,35,50,-1,"[0, 0, 1, 0, 0]",155
19.42,35,120,1,"[0, 0, 1, 0, 0]",155
19.8,40,90,1,"[0, 0, 1, 0, 0]",158
19.83,40,90,1,"[0, 0, 1, 0, 0]",156
19.85,40,90,1,"[0, 0, 1, 0, 0]",153
19.88,40,90,1,"[0, 0, 1, 0, 0]",153
19.91,40,90,1,"[0, 0, 1, 0, 0]",155
19.94,40,90,1,"[0, 0, 1, 0, 0]",153
19.97,35,90,-1,"[0, 0, 0, 1, 0]",151
19.97,35,90,1,"[0, 0, 0, 1, 0]",151
20.31,35,50,-1,"[0, 0, 0, 0, 1]",146
20.33,35,50,-1,"[0, 0, 0, 0, 1]",146
20.34,35,50,-1,"[0, 0, 0, 0, 1]",146
20.35,35,50,-1,"[0, 0, 0, 0, 1]",146
20.37,35,50,-1,"[0, 0, 0, 0, 1]",146
20.38,35,50,-1,"[0, 0, 0, 0, 1]",146
20.39,35,50,-1,"[0, 0, 0, 0, 1]",146
20.41,35,50,-1,"[0, 0, 0, 0, 1]",146
20.42,35,50,-1,"[0, 0, 0, 0, 1]",146
20.43,35,50,-1,"[0, 0, 0, 0, 1]",146
20.45,35,50,-1,"[0, 0, 0, 0, 1]",146
20.46,35,50,-1,"[0, 0, 0, 0, 1]",146
20.47,35,50,-1,"[0, 0, 0, 0, 1]",146
20.49,35,50,-1,"[0, 0, 0, 0, 1]",146
20.5,35,50,-1,"[0, 0, 0, 0, 1]",146
20.52,35,50,-1,"[0, 0, 0, 0, 1]",146
20.53,35,50,-1,"[0, 0, 0, 0, 1]",146
20.54,35,50,-1,"[0, 0, 0, 1, 0]",146
20.55,35,50,-1,"[0, 0, 0, 1, 0]",146
20.56,35,50,-1,"[0, 0, 0, 1, 0]",146
20.57,35,50,-1,"[0, 0, 0, 1, 0]",146
20.58,35,50,-1,"[0, 0, 0, 1, 0]",146
20.58,35,50,-1,"[0, 0, 0, 1, 0]",146
20.59,35,50,-1,"[0, 0, 0, 1, 0]",146
20.6,35,50,-1,"[0, 0, 0, 1, 0]",146
20.61,35,50,-1,"[0, 0, 0, 1, 0]",146
20.62,35,50,-1,"[0, 0, 0, 1, 0]",146
20.63,35,50,-1,"[0, 0, 0, 1, 0]",146
20.63,35,50,-1,"[0, 0, 0, 1, 0]",146
20.64,35,50,-1,"[0, 0, 0, 1, 0]",146
20.65,35,50,-1,"[0, 0, 0, 0, 0]",146
20.66,35,50,-1,"[0, 0, 0, 0, 0]",146
20.67,35,50,-1,"[0, 0, 0, 0, 0]",146
20.68,35,50,-1,"[0, 0, 1, 0, 0]",146
20.68,35,120,1,"[0, 0, 1, 0, 0]",146
21.23,40,67.5,1,"[0, 1, 0, 0, 0]",-2
21.3,40,67.5,1,"[0, 1, 0, 0, 0]",-2
21.37,40,67.5,1,"[0, 1, 0, 0, 0]",-1
21.44,40,67.5,1,"[0, 1, 0, 0, 0]",-2
21.51,40,90,1,"[0, 0, 1, 0, 0]",-2
21.64,40,112.5,1,"[0, 0, 0, 1, 0]",-2
21.71,40,112.5,1,"[0, 0, 0, 1, 0]",-2
21.78,40,112.5,1,"[0, 0, 0, 1, 0]",-2
21.81,40,112.5,1,"[0, 0, 0, 1, 0]",157
21.94,40,90,1,"[0, 0, 1, 0, 0]",-2
22.01,40,67.5,1,"[1, 0, 0, 0, 0]",-4
22.06,35,130,-1,"[1, 0, 0, 0, 0]",-4
22.07,35,130,-1,"[1, 0, 0, 0, 0]",-4
22.08,35,130,-1,"[1, 0, 0, 0, 0]",-4
22.09,35,130,-1,"[0, 0, 0, 0, 0]",-4
22.1,35,130,-1,"[0, 0, 0, 0, 0]",-4
22.1,35,130,-1,"[0, 0, 0, 0, 0]",-4
22.11,35,130,-1,"[1, 0, 0, 0, 0]",-4
22.12,35,130,-1,"[1, 0, 0, 0, 0]",-4
22.13,35,130,-1,"[1, 0, 0, 0, 0]",-4
22.14,35,130,-1,"[0, 0, 0, 0, 0]",-4
22.15,35,130,-1,"[0, 0, 0, 0, 0]",-4
22.16,35,130,-1,"[0, 0, 0, 0, 0]",-4
22.16,35,130,-1,"[0, 0, 0, 0, 0]",-4
22.17,35,130,-1,"[0, 0, 0, 0, 0]",-4
22.18,35,130,-1,"[0, 0, 0, 0, 0]",-4
22.19,35,130,-1,"[0, 0, 0, 0, 0]",-4
22.2,35,130,-1,"[0, 0, 0, 0, 0]",-4
22.21,35,130,-1,"[0, 0, 0, 0, 0]",-4
22.22,35,130,-1,"[0, 0, 0, 0, 0]",-4
22.22,35,130,-1,"[0, 0, 0, 0, 0]",-4
22.23,35,130,-1,"[1, 0, 0, 0, 0]",-4
22.24,35,130,-1,"[1, 0, 0, 0, 0]",-4
22.25,35,130,-1,"[1, 0, 0, 0, 0]",-4
22.26,35,130,-1,"[1, 0, 0, 0, 0]",-4
22.27,35,130,-1,"[1, 0, 0, 0, 0]",-4
22.27,35,130,-1,"[1, 0, 0, 0, 0]",-4
22.28,35,130,-1,"[1, 0, 0, 0, 0]",-4
22.29,35,130,-1,"[1, 0, 0, 0, 0]",-4
22.3,35,130,-1,"[1, 0, 0, 0, 0]",-4
22.31,35,130,-1,"[1, 0, 0, 0, 0]",-4
22.32,35,130,-1,"[1, 0, 0, 0, 0]",-4
22.33,35,130,-1,"[1, 0, 0, 0, 0]",-4
22.33,35,130,-1,"[1, 0, 0, 0, 0]",-4
22.34,35,130,-1,"[1, 0, 0, 0, 0]",-4
22.35,35,130,-1,"[1, 0, 0, 0, 0]",-4
22.36,35,130,-1,"[1, 0, 0, 0, 0]",-4
22.37,35,130,-1,"[1, 0, 0, 0, 0]",-4
22.38,35,130,-1,"[1, 0, 0, 0, 0]",-4
22.38,35,130,-1,"[1, 0, 0, 0, 0]",-4
22.39,35,130,-1,"[1, 0, 0, 0, 0]",-4
22.4,35,130,-1,"[1, 0, 0, 0, 0]",-4
22.41,35,130,-1,"[1, 0, 0, 0, 0]",-4
22.42,35,130,-1,"[1, 0, 0, 0, 0]",-4
22.43,35,130,-1,"[1, 0, 0, 0, 0]",-4
22.44,35,130,-1,"[1, 0, 0, 0, 0]",-4
22.44,35,130,-1,"[1, 0, 0, 0, 0]",-4
22.45,35,130,-1,"[1, 0, 0, 0, 0]",-4
22.46,35,130,-1,"[1, 0, 0, 0, 0]",-4
22.47,35,130,-1,"[0, 1, 0, 0, 0]",-4
22.48,35,130,-1,"[0, 1, 0, 0, 0]",-4
22.49,35,130,-1,"[0, 1, 0, 0, 0]",-4
22.5,35,130,-1,"[0, 1, 0, 0, 0]",-4
22.5,35,130,-1,"[0, 1, 0, 0, 0]",-4
22.51,35,130,-1,"[0, 1, 0, 0, 0]",-4
22.52,35,130,-1,"[0, 1, 0, 0, 0]",-4
22.53,35,130,-1,"[0, 1, 0, 0, 0]",-4
22.54,35,130,-1,"[0, 1, 0, 0, 0]",-4
22.55,35,130,-1,"[0, 1, 0, 0, 0]",-4
22.56,35,130,-1,"[0, 1, 0, 0, 0]",-4
22.57,35,130,-1,"[0, 1, 0, 0, 0]",-4
22.57,35,130,-1,"[0, 1, 0, 0, 0]",-4
22.58,35,130,-1,"[0, 1, 0, 0, 0]",-4
22.59,35,130,-1,"[0, 1, 0, 0, 0]",-4
22.6,35,130,-1,"[0, 1, 0, 0, 0]",-4
22.61,35,130,-1,"[0, 1, 0, 0, 0]",-4
22.62,35,130,-1,"[0, 1, 0, 0, 0]",-4
22.63,35,130,-1,"[0, 1, 1, 0, 0]",-4
22.63,35,60,1,"[0, 1, 1, 0, 0]",-4
23.02,40,90,1,"[0, 0, 1, 0, 0]",127
23.06,40,90,1,"[0, 0, 1, 0, 0]",126
23.09,40,90,1,"[0, 0, 1, 0, 0]",125
23.13,40,90,1,"[0, 0, 1, 0, 0]",125
23.16,40,90,1,"[0, 0, 1, 0, 0]",125
23.2,40,90,1,"[0, 0, 1, 0, 0]",125
23.23,40,90,1,"[0, 0, 1, 0, 0]",123
23.26,40,90,1,"[0, 0, 1, 0, 0]",123
23.29,40,90,1,"[0, 0, 1, 0, 0]",121
23.35,40,67.5,1,"[0, 1, 0, 0, 0]",120
23.38,40,67.5,1,"[0, 1, 0, 0, 0]",120
23.41,40,67.5,1,"[0, 1, 0, 0, 0]",122
23.44,40,67.5,1,"[0, 1, 0, 0, 0]",119
23.47,40,67.5,1,"[0, 1, 0, 0, 0]",118
23.5,40,67.5,1,"[0, 1, 0, 0, 0]",117
23.53,40,67.5,1,"[0, 1, 0, 0, 0]",117
23.56,40,67.5,1,"[0, 1, 0, 0, 0]",117
23.59,40,67.5,1,"[0, 1, 0, 0, 0]",114
23.62,40,67.5,1,"[1, 1, 0, 0, 0]",113
23.66,40,67.5,1,"[1, 1, 0, 0, 0]",114
23.69,35,130,-1,"[1, 0, 0, 0, 0]",113
23.7,35,130,-1,"[1, 0, 0, 0, 0]",113
23.72,35,130,-1,"[1, 0, 0, 0, 0]",113
23.73,35,130,-1,"[1, 0, 0, 0, 0]",113
23.74,35,130,-1,"[1, 1, 0, 0, 0]",113
23.75,35,130,-1,"[1, 1, 0, 0, 0]",113
23.77,35,130,-1,"[1, 0, 0, 0, 0]",113
23.78,35,130,-1,"[1, 0, 0, 0, 0]",113
23.8,35,130,-1,"[1, 0, 0, 0, 0]",113
23.82,35,130,-1,"[1, 0, 0, 0, 0]",113
23.83,35,130,-1,"[1, 0, 0, 0, 0]",113
23.85,35,130,-1,"[1, 0, 0, 0, 0]",113
23.87,35,130,-1,"[1, 1, 0, 0, 0]",113
23.88,35,130,-1,"[0, 1, 0, 0, 0]",113
23.9,35,130,-1,"[0, 1, 0, 0, 0]",113
23.91,35,130,-1,"[0, 1, 0, 0, 0]",113
23.93,35,130,-1,"[0, 1, 0, 0, 0]",113
23.94,35,130,-1,"[0, 1, 0, 0, 0]",113
23.96,35,130,-1,"[0, 1, 0, 0, 0]",113
23.98,35,130,-1,"[0, 1, 0, 0, 0]",113
23.99,35,130,-1,"[0, 1, 0, 0, 0]",113
24.0,35,130,-1,"[0, 1, 0, 0, 0]",113
24.02,35,130,-1,"[0, 1, 0, 0, 0]",113
24.03,35,130,-1,"[0, 1, 1, 0, 0]",113
24.04,35,60,1,"[0, 1, 1, 0, 0]",113
24.43,40,90,1,"[0, 0, 1, 0, 0]",110
24.47,40,90,1,"[0, 0, 1, 0, 0]",107
24.5,40,90,1,"[0, 0, 1, 0, 0]",108
24.53,40,90,1,"[0, 0, 1, 0, 0]",108
24.56,40,90,1,"[0, 0, 1, 0, 0]",105
24.59,40,90,1,"[0, 0, 1, 0, 0]",104
24.62,40,67.5,1,"[0, 1, 0, 0, 0]",104
24.65,40,67.5,1,"[0, 1, 0, 0, 0]",104
24.69,40,67.5,1,"[0, 1, 0, 0, 0]",104
24.72,40,67.5,1,"[0, 1, 0, 0, 0]",102
24.75,40,67.5,1,"[0, 1, 0, 0, 0]",103
24.78,40,67.5,1,"[0, 1, 0, 0, 0]",102
24.81,40,67.5,1,"[0, 1, 0, 0, 0]",100
24.84,40,67.5,1,"[0, 1, 0, 0, 0]",101
24.87,40,67.5,1,"[0, 1, 0, 0, 0]",101
24.9,40,67.5,1,"[0, 1, 0, 0, 0]",99
24.93,40,67.5,1,"[0, 1, 0, 0, 0]",101
24.96,40,67.5,1,"[0, 1, 0, 0, 0]",122
24.99,40,67.5,1,"[0, 1, 0, 0, 0]",95
25.02,40,67.5,1,"[0, 1, 0, 0, 0]",97
25.05,40,67.5,1,"[0, 1, 0, 0, 0]",98
25.08,40,67.5,1,"[0, 1, 0, 0, 0]",98
25.12,40,67.5,1,"[0, 1, 0, 0, 0]",97
25.15,40,67.5,1,"[0, 1, 0, 0, 0]",96
25.18,40,67.5,1,"[0, 1, 0, 0, 0]",94
25.25,40,90,1,"[0, 0, 1, 0, 0]",95
25.28,40,90,1,"[0, 0, 1, 0, 0]",92
25.31,40,90,1,"[0, 0, 1, 0, 0]",94
25.34,40,90,1,"[0, 0, 1, 0, 0]",93
25.37,40,90,1,"[0, 0, 1, 0, 0]",93
25.4,40,90,1,"[0, 0, 1, 0, 0]",92
25.44,40,90,1,"[0, 0, 1, 0, 0]",90
25.47,40,90,1,"[0, 0, 1, 0, 0]",90
25.52,40,67.5,1,"[0, 1, 0, 0, 0]",90
25.55,40,67.5,1,"[0, 1, 0, 0, 0]",90
25.58,40,67.5,1,"[0, 1, 0, 0, 0]",88
25.61,40,67.5,1,"[0, 1, 0, 0, 0]",87
25.64,40,67.5,1,"[0, 1, 0, 0, 0]",86
25.67,40,67.5,1,"[0, 1, 0, 0, 0]",88
25.71,40,90,1,"[0, 0, 1, 0, 0]",92
25.74,40,90,1,"[0, 0, 1, 0, 0]",84
25.77,40,90,1,"[0, 0, 1, 0, 0]",83
25.8,40,90,1,"[0, 0, 1, 0, 0]",84
25.83,40,90,1,"[0, 0, 1, 0, 0]",82
25.86,40,90,1,"[0, 0, 1, 0, 0]",82
25.89,40,90,1,"[0, 0, 1, 0, 0]",82
25.92,40,90,1,"[0, 0, 1, 0, 0]",81
25.95,40,90,1,"[0, 0, 1, 0, 0]",79
25.98,40,90,1,"[0, 0, 1, 0, 0]",80
26.01,40,90,1,"[0, 0, 1, 0, 0]",79
26.04,40,90,1,"[0, 0, 1, 0, 0]",77
26.07,40,90,1,"[0, 0, 1, 0, 0]",77
26.1,40,90,1,"[0, 0, 1, 0, 0]",76
26.13,40,90,1,"[0, 0, 1, 0, 0]",76
26.16,40,90,1,"[0, 0, 1, 0, 0]",76
26.19,40,90,1,"[0, 1, 1, 0, 0]",77
26.22,40,90,1,"[0, 0, 1, 0, 0]",75
26.25,40,90,1,"[0, 0, 1, 0, 0]",73
26.28,40,90,1,"[0, 0, 1, 0, 0]",72
26.31,40,90,1,"[0, 0, 1, 0, 0]",74
26.34,40,90,1,"[0, 0, 1, 0, 0]",73
26.37,40,112.5,1,"[0, 0, 0, 1, 0]",72
26.4,40,112.5,1,"[0, 0, 0, 1, 0]",72
26.43,40,112.5,1,"[0, 0, 0, 1, 0]",71
26.46,40,112.5,1,"[0, 0, 0, 1, 0]",70
26.49,40,112.5,1,"[0, 0, 0, 1, 0]",68
26.52,40,112.5,1,"[0, 0, 0, 1, 1]",68
26.55,40,112.5,1,"[0, 0, 0, 1, 1]",68
26.57,40,112.5,1,"[0, 0, 0, 1, 1]",68
26.6,40,112.5,1,"[0, 0, 0, 1, 1]",67
26.63,40,112.5,1,"[0, 0, 0, 1, 1]",66
26.66,40,112.5,1,"[0, 0, 0, 1, 1]",66
26.69,35,50,-1,"[0, 0, 0, 0, 1]",65
26.7,35,50,-1,"[0, 0, 0, 0, 1]",65
26.72,35,50,-1,"[0, 0, 0, 0, 1]",65
26.73,35,50,-1,"[0, 0, 0, 0, 1]",65
26.75,35,50,-1,"[0, 0, 0, 1, 1]",65
26.77,35,50,-1,"[0, 0, 0, 0, 1]",65
26.78,35,50,-1,"[0, 0, 0, 0, 1]",65
26.8,35,50,-1,"[0, 0, 0, 0, 1]",65
26.81,35,50,-1,"[0, 0, 0, 1, 1]",65
26.83,35,50,-1,"[0, 0, 0, 1, 1]",65
26.84,35,50,-1,"[0, 0, 0, 1, 1]",65
26.86,35,50,-1,"[0, 0, 0, 1, 1]",65
26.88,35,50,-1,"[0, 0, 0, 1, 1]",65
26.89,35,50,-1,"[0, 0, 0, 1, 0]",65
26.91,35,50,-1,"[0, 0, 0, 1, 0]",65
26.92,35,50,-1,"[0, 0, 0, 1, 0]",65
26.94,35,50,-1,"[0, 0, 0, 1, 0]",65
26.95,35,50,-1,"[0, 0, 1, 1, 0]",65
26.97,35,120,1,"[0, 0, 1, 1, 0]",65
27.35,40,90,1,"[0, 0, 1, 0, 0]",63
27.38,40,90,1,"[0, 0, 1, 0, 0]",63
27.42,40,90,1,"[0, 0, 1, 0, 0]",62
27.45,40,90,1,"[0, 0, 1, 0, 0]",62
27.48,40,90,1,"[0, 0, 1, 0, 0]",61
27.51,40,90,1,"[0, 0, 1, 0, 0]",61
27.54,40,90,1,"[0, 0, 1, 0, 0]",60
27.57,40,90,1,"[0, 0, 1, 0, 0]",59
27.6,40,90,1,"[0, 0, 1, 0, 0]",59
27.67,40,112.5,1,"[0, 0, 0, 1, 0]",57
27.7,40,112.5,1,"[0, 0, 0, 1, 0]",56
27.73,40,112.5,1,"[0, 0, 0, 1, 0]",55
27.76,40,112.5,1,"[0, 0, 0, 1, 0]",55
27.79,40,112.5,1,"[0, 0, 0, 1, 0]",54
27.82,40,112.5,1,"[0, 0, 0, 1, 0]",53
27.85,40,112.5,1,"[0, 0, 0, 1, 0]",53
27.88,40,112.5,1,"[0, 0, 0, 1, 0]",52
27.91,40,112.5,1,"[0, 0, 0, 1, 0]",52
27.94,40,112.5,1,"[0, 0, 0, 1, 0]",52
27.97,40,112.5,1,"[0, 0, 0, 1, 0]",50
27.99,40,112.5,1,"[0, 0, 0, 1, 0]",51
28.02,40,112.5,1,"[0, 0, 0, 1, 0]",49
28.05,40,112.5,1,"[0, 0, 0, 1, 0]",49
28.08,40,112.5,1,"[0, 0, 0, 1, 0]",49
28.11,40,112.5,1,"[0, 0, 0, 1, 0]",48
28.14,40,112.5,1,"[0, 0, 0, 1, 0]",48
28.17,40,112.5,1,"[0, 0, 0, 1, 0]",47
28.2,40,112.5,1,"[0, 0, 0, 1, 0]",46
28.22,40,112.5,1,"[0, 0, 0, 1, 0]",46
28.25,40,112.5,1,"[0, 0, 0, 1, 0]",45
28.28,40,112.5,1,"[0, 0, 0, 1, 0]",45
28.31,40,112.5,1,"[0, 0, 0, 1, 0]",44
28.34,40,112.5,1,"[0, 0, 0, 1, 0]",44
28.37,40,112.5,1,"[0, 0, 0, 1, 0]",43
28.4,40,112.5,1,"[0, 0, 0, 1, 0]",43
28.43,40,112.5,1,"[0, 0, 0, 1, 0]",28
28.72,35,90,-1,"[0, 0, 0, 0, 0]",39
28.74,35,90,-1,"[0, 0, 0, 0, 0]",39
28.75,35,90,-1,"[0, 0, 1, 0, 0]",39
28.77,35,90,1,"[0, 0, 1, 0, 0]",39
29.1,40,112.5,1,"[0, 0, 0, 1, 0]",34
29.13,40,112.5,1,"[0, 0, 0, 1, 0]",33
29.17,40,112.5,1,"[0, 0, 0, 1, 0]",33
29.2,40,112.5,1,"[0, 0, 0, 1, 0]",33
29.23,40,112.5,1,"[0, 0, 0, 1, 0]",32
29.35,35,50,-1,"[0, 0, 0, 0, 0]",27
29.37,35,50,-1,"[0, 0, 0, 0, 1]",27
29.38,35,50,-1,"[0, 0, 0, 0, 0]",27
29.4,35,50,-1,"[0, 0, 0, 0, 1]",27
29.41,35,50,-1,"[0, 0, 0, 0, 1]",27
29.43,35,50,-1,"[0, 0, 0, 1, 1]",27
29.44,35,50,-1,"[0, 0, 0, 1, 1]",27
29.46,35,50,-1,"[0, 0, 0, 1, 1]",27
29.48,35,50,-1,"[0, 0, 0, 1, 0]",27
29.49,35,50,-1,"[0, 0, 0, 1, 0]",27
29.51,35,50,-1,"[0, 0, 0, 1, 0]",27
29.52,35,50,-1,"[0, 0, 0, 1, 0]",27
29.54,35,50,-1,"[0, 0, 0, 1, 0]",27
29.56,35,50,-1,"[0, 0, 0, 1, 0]",27
29.57,35,50,-1,"[0, 0, 0, 1, 0]",27
29.59,35,50,-1,"[0, 0, 0, 0, 0]",27
29.6,35,50,-1,"[0, 0, 1, 0, 0]",27
29.62,35,120,1,"[0, 0, 1, 0, 0]",27
30.04,40,90,1,"[0, 0, 0, 0, 0]",-4
30.22,40,67.5,1,"[0, 0, 1, 0, 0]",-4
30.27,40,90,1,"[0, 0, 1, 0, 0]",-4
30.34,40,90,1,"[0, 0, 1, 0, 0]",-2
30.4,40,90,1,"[0, 0, 1, 0, 0]",-2
30.47,40,112.5,1,"[0, 0, 0, 1, 0]",-4
30.54,40,112.5,1,"[0, 0, 0, 1, 0]",-4
30.61,40,112.5,1,"[0, 0, 0, 1, 0]",-2
30.68,40,112.5,1,"[0, 0, 0, 1, 0]",-2
30.75,40,112.5,1,"[0, 0, 0, 1, 0]",-2
30.82,35,50,-1,"[0, 0, 0, 0, 1]",-2
30.83,35,50,-1,"[0, 0, 0, 0, 1]",-2
30.83,35,50,-1,"[0, 0, 0, 0, 1]",-2
30.84,35,50,-1,"[0, 0, 0, 0, 1]",-2
30.85,35,50,-1,"[0, 0, 0, 0, 1]",-2
30.86,35,50,-1,"[0, 0, 0, 0, 1]",-2
30.87,35,50,-1,"[0, 0, 0, 0, 1]",-2
30.88,35,50,-1,"[0, 0, 0, 0, 1]",-2
30.88,35,50,-1,"[0, 0, 0, 0, 1]",-2
30.89,35,50,-1,"[0, 0, 0, 0, 1]",-2
30.9,35,50,-1,"[0, 0, 0, 0, 1]",-2
30.91,35,50,-1,"[0, 0, 0, 0, 1]",-2
30.92,35,50,-1,"[0, 0, 0, 0, 1]",-2
30.93,35,50,-1,"[0, 0, 0, 0, 1]",-2
30.94,35,50,-1,"[0, 0, 0, 0, 1]",-2
30.95,35,50,-1,"[0, 0, 0, 0, 1]",-2
30.95,35,50,-1,"[0, 0, 0, 0, 1]",-2
30.96,35,50,-1,"[0, 0, 0, 1, 1]",-2
30.97,35,50,-1,"[0, 0, 0, 1, 1]",-2
30.98,35,50,-1,"[0, 0, 0, 1, 0]",-2
30.99,35,50,-1,"[0, 0, 0, 1, 0]",-2
31.0,35,50,-1,"[0, 0, 0, 1, 0]",-2
31.01,35,50,-1,"[0, 0, 0, 1, 0]",-2
31.02,35,50,-1,"[0, 0, 0, 1, 0]",-2
31.02,35,50,-1,"[0, 0, 0, 1, 0]",-2
31.03,35,50,-1,"[0, 0, 0, 1, 0]",-2
31.04,35,50,-1,"[0, 0, 0, 1, 0]",-2
31.05,35,50,-1,"[0, 0, 0, 1, 0]",-2
31.06,35,50,-1,"[0, 0, 0, 1, 0]",-2
31.07,35,50,-1,"[0, 0, 0, 1, 0]",-2
31.08,35,50,-1,"[0, 0, 0, 1, 0]",-2
31.09,35,50,-1,"[0, 0, 0, 0, 0]",-2
31.09,35,50,-1,"[0, 0, 0, 0, 0]",-2
31.1,35,50,-1,"[0, 0, 1, 0, 0]",-2
31.11,35,120,1,"[0, 0, 1, 0, 0]",-2
31.53,40,90,1,"[0, 0, 1, 0, 0]",-4
31.58,40,90,1,"[0, 0, 1, 0, 0]",-4
31.65,40,90,1,"[0, 1, 1, 0, 0]",-2
31.72,40,90,1,"[0, 0, 1, 0, 0]",-2
31.79,40,90,1,"[0, 0, 1, 0, 0]",-2
31.86,40,112.5,1,"[0, 0, 0, 1, 0]",-2
31.93,40,112.5,1,"[0, 0, 0, 1, 1]",-2
32.0,35,50,-1,"[0, 0, 0, 0, 1]",-2
32.01,35,50,-1,"[0, 0, 0, 0, 1]",-2
32.02,35,50,-1,"[0, 0, 0, 0, 1]",-2
32.02,35,50,-1,"[0, 0, 0, 0, 1]",-2
32.03,35,50,-1,"[0, 0, 0, 0, 1]",-2
32.04,35,50,-1,"[0, 0, 0, 0, 1]",-2
32.05,35,50,-1,"[0, 0, 0, 0, 1]",-2
32.06,35,50,-1,"[0, 0, 0, 0, 1]",-2
32.07,35,50,-1,"[0, 0, 0, 0, 1]",-2
32.08,35,50,-1,"[0, 0, 0, 0, 1]",-2
32.09,35,50,-1,"[0, 0, 0, 0, 1]",-2
32.09,35,50,-1,"[0, 0, 0, 0, 1]",-2
32.1,35,50,-1,"[0, 0, 0, 0, 1]",-2
32.11,35,50,-1,"[0, 0, 0, 0, 1]",-2
32.12,35,50,-1,"[0, 0, 0, 0, 1]",-2
32.13,35,50,-1,"[0, 0, 0, 0, 1]",-2
32.14,35,50,-1,"[0, 0, 0, 0, 1]",-2
32.15,35,50,-1,"[0, 0, 0, 0, 1]",-2
32.15,35,50,-1,"[0, 0, 0, 0, 1]",-2
32.16,35,50,-1,"[0, 0, 0, 0, 1]",-2
32.17,35,50,-1,"[0, 0, 0, 0, 1]",-2
32.18,35,50,-1,"[0, 0, 0, 0, 1]",-2
32.19,35,50,-1,"[0, 0, 0, 0, 1]",-2
32.2,35,50,-1,"[0, 0, 0, 0, 1]",-2
32.2,35,50,-1,"[0, 0, 0, 1, 1]",-2
32.21,35,50,-1,"[0, 0, 0, 1, 1]",-2
32.22,35,50,-1,"[0, 0, 0, 1, 1]",-2
32.23,35,50,-1,"[0, 0, 0, 1, 1]",-2
32.24,35,50,-1,"[0, 0, 0, 1, 1]",-2
32.25,35,50,-1,"[0, 0, 0, 1, 0]",-2
32.25,35,50,-1,"[0, 0, 0, 1, 0]",-2
32.26,35,50,-1,"[0, 0, 0, 1, 0]",-2
32.27,35,50,-1,"[0, 0, 0, 1, 0]",-2
32.28,35,50,-1,"[0, 0, 0, 1, 0]",-2
32.29,35,50,-1,"[0, 0, 0, 1, 0]",-2
32.3,35,50,-1,"[0, 0, 0, 1, 0]",-2
32.31,35,50,-1,"[0, 0, 0, 1, 0]",-2
32.31,35,50,-1,"[0, 0, 1, 1, 0]",-2
32.32,35,120,1,"[0, 0, 1, 1, 0]",-2
32.69,40,90,1,"[0, 0, 1, 0, 0]",51
32.72,40,90,1,"[0, 0, 1, 0, 0]",50
32.74,40,90,1,"[0, 0, 1, 0, 0]",51
32.76,40,90,1,"[0, 0, 1, 0, 0]",53
32.78,40,90,1,"[0, 0, 1, 0, 0]",51
32.81,40,90,1,"[0, 0, 1, 0, 0]",51
32.83,40,90,1,"[0, 0, 1, 0, 0]",52
32.85,40,90,1,"[0, 0, 1, 0, 0]",50
32.87,40,90,1,"[0, 0, 1, 1, 0]",49
32.89,40,90,1,"[0, 0, 1, 1, 0]",50
32.92,40,90,1,"[0, 0, 1, 1, 0]",50
32.95,40,112.5,1,"[0, 0, 0, 1, 0]",50
32.98,40,112.5,1,"[0, 0, 0, 1, 0]",49
33.0,40,112.5,1,"[0, 0, 0, 1, 0]",47
33.02,40,112.5,1,"[0, 0, 0, 1, 0]",48
33.04,40,112.5,1,"[0, 0, 0, 1, 0]",47
33.07,40,112.5,1,"[0, 0, 0, 1, 0]",47
33.09,40,112.5,1,"[0, 0, 0, 1, 0]",46
33.12,40,112.5,1,"[0, 0, 0, 1, 0]",46
33.15,40,112.5,1,"[0, 0, 0, 1, 0]",44
33.17,40,112.5,1,"[0, 0, 0, 1, 0]",43
33.2,40,112.5,1,"[0, 0, 0, 1, 0]",43
33.23,40,112.5,1,"[0, 0, 0, 1, 0]",42
33.25,40,112.5,1,"[0, 0, 0, 1, 0]",43
33.28,40,112.5,1,"[0, 0, 0, 1, 1]",42
33.31,40,112.5,1,"[0, 0, 0, 1, 1]",40
33.34,35,50,-1,"[0, 0, 0, 0, 1]",41
33.35,35,50,-1,"[0, 0, 0, 0, 1]",41
33.37,35,50,-1,"[0, 0, 0, 0, 1]",41
33.38,35,50,-1,"[0, 0, 0, 0, 1]",41
33.4,35,50,-1,"[0, 0, 0, 0, 1]",41
33.42,35,50,-1,"[0, 0, 0, 0, 1]",41
33.43,35,50,-1,"[0, 0, 0, 0, 1]",41
33.45,35,50,-1,"[0, 0, 0, 0, 1]",41
33.46,35,50,-1,"[0, 0, 0, 0, 1]",41
33.47,35,50,-1,"[0, 0, 0, 0, 1]",41
33.47,35,50,-1,"[0, 0, 0, 0, 1]",41
33.48,35,50,-1,"[0, 0, 0, 0, 1]",41
33.49,35,50,-1,"[0, 0, 0, 0, 1]",41
33.5,35,50,-1,"[0, 0, 0, 0, 1]",41
33.51,35,50,-1,"[0, 0, 0, 0, 1]",41
33.52,35,50,-1,"[0, 0, 0, 1, 1]",41
33.53,35,50,-1,"[0, 0, 0, 1, 0]",41
33.53,35,50,-1,"[0, 0, 0, 1, 0]",41
33.54,35,50,-1,"[0, 0, 0, 1, 0]",41
33.55,35,50,-1,"[0, 0, 0, 1, 0]",41
33.56,35,50,-1,"[0, 0, 0, 1, 0]",41
33.57,35,50,-1,"[0, 0, 0, 1, 0]",41
33.58,35,50,-1,"[0, 0, 0, 1, 0]",41
33.59,35,50,-1,"[0, 0, 0, 1, 0]",41
33.6,35,50,-1,"[0, 0, 0, 1, 0]",41
33.6,35,50,-1,"[0, 0, 0, 1, 0]",41
33.61,35,50,-1,"[0, 0, 0, 1, 0]",41
33.62,35,50,-1,"[0, 0, 0, 0, 0]",41
33.63,35,50,-1,"[0, 0, 1, 0, 0]",41
33.64,35,120,1,"[0, 0, 1, 0, 0]",41
34.02,40,90,1,"[0, 0, 1, 0, 0]",37
34.06,40,90,1,"[0, 0, 1, 0, 0]",40
34.09,40,90,1,"[0, 0, 1, 0, 0]",35
34.12,40,90,1,"[0, 0, 1, 0, 0]",35
34.16,40,90,1,"[0, 0, 1, 0, 0]",35
34.19,40,90,1,"[0, 0, 1, 0, 0]",32
34.27,40,112.5,1,"[0, 0, 0, 1, 0]",32
34.3,40,112.5,1,"[0, 0, 0, 1, 0]",32
34.34,40,112.5,1,"[0, 0, 0, 1, 0]",32
34.37,40,112.5,1,"[0, 0, 0, 1, 0]",31
34.4,40,112.5,1,"[0, 0, 0, 1, 0]",29
34.44,40,112.5,1,"[0, 0, 0, 1, 0]",28
34.47,40,112.5,1,"[0, 0, 0, 1, 0]",26
34.5,40,112.5,1,"[0, 0, 0, 1, 0]",25
34.53,40,112.5,1,"[0, 0, 0, 1, 0]",27
34.57,40,112.5,1,"[0, 0, 0, 1, 0]",28
34.6,40,112.5,1,"[0, 0, 0, 1, 0]",29
34.63,40,112.5,1,"[0, 0, 0, 1, 0]",29
34.67,40,112.5,1,"[0, 0, 0, 1, 0]",29
34.7,40,112.5,1,"[0, 0, 0, 1, 0]",28
34.73,40,112.5,1,"[0, 0, 0, 1, 0]",29
34.77,40,112.5,1,"[0, 0, 0, 1, 0]",28
34.8,40,112.5,1,"[0, 0, 0, 1, 0]",27
34.83,40,112.5,1,"[0, 0, 0, 1, 0]",27
34.87,40,112.5,1,"[0, 0, 0, 1, 0]",25
34.89,0,112.5,0,"[0, 0, 0, 1, 1]",19
